id,message
1,빠른 로딩 확률을 얻기위해 주사위를 굴리는 중…
2,미래음악 평론가의 별점 확인 중…
3,속도가 가장 빠른 다중우주를 찾는 중….
4,균열이 난 시공간 속으로 빨려 들어가는 중…
5,비행하기 좋은 태양풍을 찾는 중…
6,우주 엘리베이터의 목적지 설정 중…
7,우주 엘리베이터의 속도를 5cm 상향 중…
8,고장난 암흑물질 알고리즘 수정 중…
9,마이크로 주택 입주 조건을 확인 중…
10,속이 뻔한 속임수를 제거하는 중….
11,창조주 데이터베이스를 리셋 하는 중…
12,중력 시공 리스트를 선별하는 중…
13,키링 지휘자의 공연을 감상하는 중…
14,해몽을 위한 뉴런 다듬는 중…
15,과몰입 방지를 위한 규칙 설정 중…
16,해몽에 불필요한 다중우주를 제거하는 중…
17,해몽에 필요한 다중우주를 개발 중…
18,이모지 번역률 개선 중…
19,빠른 로딩을 위해 심사숙고 중…
20,구부린 시공간을 맞닿게 하는 중…
21,새로운 향기 출시 이벤트에 참여 중…
22,근본 자연생물을 채집하는 중…
23,인공 장기의 동력을 주입하는 중…
24,사용자의 리얼리티 쇼 장악력을 예측 중…
25,적합한 잠자리 방향을 위해 베타 테스트 중…
26,알맞은 연봉을 위한 협상 테이블 마련 중…
27,레시피에 암흑물질 2스푼 추가 중…
28,해몽의 메인 테마를 선별하는 중…
29,해몽의 군더더기를 도려내는 중…
30,해몽에 어울리는 점심특선을 선정하는 중…
31,3보다 빠른 1을 투입하는 중…
32,중력을 뒤집어 관점을 바꿔보는 중…
33,거대한 팬덤의 의견을 수렴하는 중…
34,해몽에 알맞은 날씨는 추전받는 중…
35,해몽 성분표 표기에 열을 올리는 중…
36,"해몽을 위한 x,y,z, 좌표 재설정 중…"
37,해몽 내부 중력을 위한 전화상담 중…
38,크리스토퍼도 놀란 해몽 중…
39,해몽이 너에게로 달려가는 중…슝…
40,해몽이 해롱해롱거리는 중…
41,슈퍼컴퓨터가…온 우주를….으아악…
42,해몽…진행…웅앵웅….
43,중요한건 꺾이지 않는 중…
44,해몽 씨몬…
45,해몽은 나야 둘이 될 수 없어…
46,펄스의 팔씨의 르씨가 코쿤에서 퍼지하는 해몽 중…
47,이번 주 1등 당첨 로또번호 생성 중… (아님)
48,실존주의에서 빠져 나오는 중…
49,시간과 사유가 해몽 직조하는 중…
50,쉿🤫~해몽중😘